age,ed,employ,address,income,debtinc,creddebt,othdebt,default,default_status,ratio_debtinc,age_group
41.0,3.0,17,12,176000000.0,9300000,11359392,5008608,1.0,No Aprobado,0.05284090909090909,40-50
27.0,1.0,10,6,31000000.0,17300000,1362202,4000798,0.0,Aprobado,0.5580645161290323,<30
40.0,1.0,15,7,34000000.0,5500000,856075,2168925,0.0,Aprobado,0.16176470588235295,30-40
41.0,1.0,15,14,120000000.0,2900000,2658720,821280,0.0,Aprobado,0.024166666666666666,40-50
24.0,2.0,2,0,28000000.0,17300000,1787436,3056564,1.0,No Aprobado,0.6178571428571429,<30
41.0,2.0,5,5,25000000.0,10200000,392700,2157300,0.0,Aprobado,0.408,40-50
39.0,1.0,20,9,34000000.0,30600000,3833874,16668126,0.0,Aprobado,0.9,30-40
34.0,1.0,12,11,38000000.0,3600000,128592,1239408,0.0,Aprobado,0.09473684210526316,30-40
24.0,1.0,3,4,19000000.0,24400000,1358348,3277652,1.0,No Aprobado,1.2842105263157895,<30
36.0,1.0,0,13,25000000.0,19700000,2777700,2147300,0.0,Aprobado,0.788,30-40
27.0,1.0,0,1,16000000.0,1700000,182512,89488,0.0,Aprobado,0.10625,<30
25.0,1.0,4,0,23000000.0,5200000,252356,943644,0.0,Aprobado,0.22608695652173913,<30
52.0,1.0,24,14,64000000.0,10000000,3929600,2470400,0.0,Aprobado,0.15625,50-60
37.0,1.0,6,9,29000000.0,16300000,1715901,3011099,0.0,Aprobado,0.5620689655172414,30-40
48.0,1.0,22,15,100000000.0,9100000,3703700,5396300,0.0,Aprobado,0.091,40-50
36.0,2.0,9,6,49000000.0,8600000,817516,3396484,1.0,No Aprobado,0.17551020408163265,30-40
36.0,2.0,13,6,41000000.0,16400000,2918216,3805784,1.0,No Aprobado,0.4,30-40
43.0,1.0,23,19,72000000.0,7600000,1181952,4290048,0.0,Aprobado,0.10555555555555556,40-50
39.0,1.0,6,9,61000000.0,5700000,563274,2913726,0.0,Aprobado,0.09344262295081968,30-40
34.0,1.0,0,21,26000000.0,1700000,99008,342992,0.0,Aprobado,0.06538461538461539,30-40
39.0,1.0,22,3,52000000.0,3200000,1154816,509184,0.0,Aprobado,0.06153846153846154,30-40
47.0,1.0,17,21,43000000.0,5600000,587552,1820448,0.0,Aprobado,0.13023255813953488,40-50
28.0,1.0,3,6,26000000.0,10000000,431600,2168400,0.0,Aprobado,0.38461538461538464,<30
29.0,1.0,8,6,27000000.0,9800000,402192,2243808,0.0,Aprobado,0.362962962962963,<30
21.0,1.0,1,2,16000000.0,18000000,241920,2638080,1.0,No Aprobado,1.125,<30
25.0,4.0,0,2,34000000.0,17600000,2140160,3491840,0.0,Aprobado,0.5176470588235295,<30
45.0,2.0,9,26,69000000.0,6700000,707319,3915681,0.0,Aprobado,0.09710144927536232,40-50
43.0,1.0,25,21,64000000.0,16700000,951232,9736768,0.0,Aprobado,0.2609375,40-50
33.0,2.0,12,8,58000000.0,18400000,3084208,7587792,0.0,Aprobado,0.31724137931034485,30-40
26.0,3.0,2,1,37000000.0,14200000,204906,5049094,0.0,Aprobado,0.3837837837837838,<30
45.0,1.0,3,15,20000000.0,2100000,105000,315000,0.0,Aprobado,0.105,40-50
30.0,1.0,1,10,22000000.0,10500000,1138830,1171170,0.0,Aprobado,0.4772727272727273,<30
27.0,1.0,2,7,26000000.0,6000000,722280,837720,0.0,Aprobado,0.23076923076923078,<30
25.0,1.0,8,4,27000000.0,14400000,1018656,2869344,0.0,Aprobado,0.5333333333333333,<30
25.0,1.0,8,1,35000000.0,2900000,77140,937860,0.0,Aprobado,0.08285714285714285,<30
26.0,2.0,6,7,45000000.0,26000000,6048900,5651100,0.0,Aprobado,0.5777777777777777,<30
30.0,2.0,10,4,22000000.0,16100000,1409716,2132284,0.0,Aprobado,0.7318181818181818,<30
32.0,2.0,12,1,34000000.0,14400000,3195936,4580064,0.0,Aprobado,0.4235294117647059,30-40
28.0,1.0,1,8,24000000.0,17100000,1337904,2766096,1.0,No Aprobado,0.7125,<30
45.0,1.0,23,5,50000000.0,4200000,558600,1541400,0.0,Aprobado,0.084,40-50
23.0,1.0,7,2,31000000.0,6600000,337590,1708410,0.0,Aprobado,0.2129032258064516,<30
34.0,1.0,17,3,59000000.0,8000000,1807760,2912240,0.0,Aprobado,0.13559322033898305,30-40
42.0,2.0,7,23,41000000.0,4600000,941114,944886,0.0,Aprobado,0.11219512195121951,40-50
39.0,1.0,19,5,48000000.0,13100000,1930416,4357584,0.0,Aprobado,0.27291666666666664,30-40
26.0,1.0,0,0,14000000.0,7500000,302400,747600,1.0,No Aprobado,0.5357142857142857,<30
21.0,2.0,0,1,16000000.0,6800000,150144,937856,0.0,Aprobado,0.425,<30
35.0,1.0,13,15,35000000.0,4500000,431550,1143450,0.0,Aprobado,0.12857142857142856,30-40
47.0,1.0,4,2,26000000.0,10400000,121680,2582320,0.0,Aprobado,0.4,40-50
23.0,2.0,0,2,21000000.0,11400000,775656,1618344,1.0,No Aprobado,0.5428571428571428,<30
35.0,1.0,18,2,42000000.0,7400000,205128,2902872,0.0,Aprobado,0.1761904761904762,30-40
34.0,1.0,2,11,25000000.0,12600000,573300,2576700,1.0,No Aprobado,0.504,30-40
46.0,1.0,1,12,20000000.0,14000000,809200,1990800,0.0,Aprobado,0.7,40-50
46.0,1.0,16,18,52000000.0,12900000,3032016,3675984,1.0,No Aprobado,0.24807692307692308,40-50
38.0,1.0,3,18,25000000.0,3700000,311725,613275,0.0,Aprobado,0.148,30-40
40.0,2.0,3,2,28000000.0,9500000,553280,2106720,0.0,Aprobado,0.3392857142857143,30-40
37.0,1.0,1,3,24000000.0,15100000,1801128,1822872,1.0,No Aprobado,0.6291666666666667,30-40
35.0,1.0,9,1,34000000.0,5000000,397800,1302200,0.0,Aprobado,0.14705882352941177,30-40
34.0,2.0,16,13,69000000.0,2400000,1061496,594504,0.0,Aprobado,0.034782608695652174,30-40
40.0,3.0,18,6,100000000.0,2500000,1485000,1015000,0.0,Aprobado,0.025,30-40
50.0,3.0,10,20,80000000.0,12200000,2479040,7280960,0.0,Aprobado,0.1525,40-50
31.0,1.0,9,10,28000000.0,2400000,47712,624288,0.0,Aprobado,0.08571428571428572,30-40
29.0,1.0,13,1,42000000.0,7400000,1457652,1650348,1.0,No Aprobado,0.1761904761904762,<30
37.0,1.0,4,0,23000000.0,12400000,869860,1982140,0.0,Aprobado,0.5391304347826087,30-40
33.0,2.0,4,9,55000000.0,7000000,2159850,1690150,0.0,Aprobado,0.12727272727272726,30-40
34.0,2.0,5,7,28000000.0,7800000,1024296,1159704,0.0,Aprobado,0.2785714285714286,30-40
32.0,2.0,11,6,34000000.0,23300000,7758900,9716100,1.0,No Aprobado,0.6852941176470588,30-40
28.0,2.0,2,3,23000000.0,6400000,186944,1285056,1.0,No Aprobado,0.2782608695652174,<30
39.0,1.0,19,8,46000000.0,9100000,2515786,1670214,0.0,Aprobado,0.19782608695652174,30-40
28.0,2.0,8,3,31000000.0,8200000,1492154,1049846,1.0,No Aprobado,0.2645161290322581,<30
29.0,1.0,1,2,20000000.0,18600000,569160,3150840,1.0,No Aprobado,0.93,<30
34.0,2.0,3,8,21000000.0,23100000,1401939,3449061,0.0,Aprobado,1.1,30-40
28.0,2.0,5,9,34000000.0,23800000,3099236,4992764,0.0,Aprobado,0.7,<30
47.0,1.0,26,21,100000000.0,12800000,4582400,8217600,0.0,Aprobado,0.128,40-50
43.0,3.0,1,5,34000000.0,10600000,1518556,1237444,0.0,Aprobado,0.31176470588235294,40-50
41.0,1.0,13,10,44000000.0,1700000,71060,676940,0.0,Aprobado,0.038636363636363635,40-50
47.0,1.0,13,25,51000000.0,23800000,3738504,8399496,0.0,Aprobado,0.4666666666666667,40-50
24.0,1.0,2,1,21000000.0,600000,25074,100926,0.0,Aprobado,0.02857142857142857,<30
29.0,1.0,1,9,17000000.0,6700000,157182,981818,0.0,Aprobado,0.3941176470588235,<30
33.0,1.0,14,2,37000000.0,2600000,199134,762866,0.0,Aprobado,0.07027027027027027,30-40
136.0,1.0,15,10,39000000.0,3200000,686400,561600,0.0,Aprobado,0.08205128205128205,
26.0,1.0,4,3,27000000.0,10500000,2472120,362880,1.0,No Aprobado,0.3888888888888889,<30
31.0,1.0,11,12,45000000.0,17000000,2738700,4911300,0.0,Aprobado,0.37777777777777777,30-40
37.0,1.0,7,3,32000000.0,19600000,2696960,3575040,0.0,Aprobado,0.6125,30-40
35.0,4.0,4,16,29000000.0,11000000,1843820,1346180,0.0,Aprobado,0.3793103448275862,30-40
26.0,1.0,4,3,20000000.0,5400000,318600,761400,0.0,Aprobado,0.27,<30
40.0,1.0,10,15,45000000.0,18800000,2013480,6446520,0.0,Aprobado,0.4177777777777778,30-40
29.0,2.0,5,4,36000000.0,12400000,3490848,973152,1.0,No Aprobado,0.34444444444444444,<30
37.0,3.0,5,17,29000000.0,24600000,1405398,5728602,0.0,Aprobado,0.8482758620689655,30-40
32.0,1.0,12,12,28000000.0,2900000,116116,695884,0.0,Aprobado,0.10357142857142858,30-40
23.0,2.0,0,1,17000000.0,27700000,2043706,2665294,1.0,No Aprobado,1.6294117647058823,<30
32.0,1.0,3,10,23000000.0,6200000,52762,1373238,0.0,Aprobado,0.26956521739130435,30-40
25.0,1.0,1,6,15000000.0,11400000,371070,1338930,1.0,No Aprobado,0.76,<30
38.0,1.0,5,5,54000000.0,10600000,1499688,4224312,0.0,Aprobado,0.1962962962962963,30-40
32.0,2.0,0,6,18000000.0,5800000,296496,747504,1.0,No Aprobado,0.32222222222222224,30-40
41.0,3.0,2,0,15000000.0,26300000,1960665,1984335,1.0,No Aprobado,1.7533333333333334,40-50
36.0,1.0,17,6,34000000.0,4400000,727056,1648944,0.0,Aprobado,0.12941176470588237,30-40
42.0,1.0,13,0,82000000.0,3300000,1315116,1390884,0.0,Aprobado,0.04024390243902439,40-50
41.0,1.0,14,8,52000000.0,7300000,926224,2869776,0.0,Aprobado,0.14038461538461539,40-50
29.0,2.0,4,9,19000000.0,6300000,681093,515907,0.0,Aprobado,0.33157894736842103,<30
38.0,3.0,4,6,31000000.0,9300000,1331946,1551054,1.0,No Aprobado,0.3,30-40
39.0,1.0,22,9,113000000.0,2600000,987168,1950832,0.0,Aprobado,0.023008849557522124,30-40
36.0,1.0,6,9,26000000.0,8300000,30212,2127788,0.0,Aprobado,0.3192307692307692,30-40
33.0,1.0,8,7,27000000.0,5800000,776736,789264,0.0,Aprobado,0.21481481481481482,30-40
42.0,2.0,21,11,121000000.0,3100000,1365364,2385636,0.0,Aprobado,0.0256198347107438,40-50
41.0,2.0,22,17,75000000.0,23600000,9876600,7823400,0.0,Aprobado,0.31466666666666665,40-50
40.0,1.0,8,17,28000000.0,3600000,534240,473760,0.0,Aprobado,0.12857142857142856,30-40
53.0,1.0,9,18,50000000.0,11200000,2016000,3584000,1.0,No Aprobado,0.224,50-60
28.0,1.0,4,7,26000000.0,13500000,1295190,2214810,0.0,Aprobado,0.5192307692307693,<30
36.0,2.0,12,13,60000000.0,7900000,1720620,3019380,0.0,Aprobado,0.13166666666666665,30-40
34.0,2.0,9,13,45000000.0,10100000,1118070,3426930,0.0,Aprobado,0.22444444444444445,30-40
45.0,3.0,2,5,39000000.0,4900000,458640,1452360,0.0,Aprobado,0.12564102564102564,40-50
38.0,1.0,6,0,41000000.0,8900000,266377,3382623,0.0,Aprobado,0.21707317073170732,30-40
21.0,3.0,0,2,24000000.0,7700000,833448,1014552,0.0,Aprobado,0.32083333333333336,<30
42.0,1.0,12,11,51000000.0,21400000,2411994,8502006,0.0,Aprobado,0.4196078431372549,40-50
34.0,1.0,16,25,64000000.0,8600000,1865856,3638144,0.0,Aprobado,0.134375,30-40
25.0,2.0,4,6,33000000.0,5200000,552552,1163448,0.0,Aprobado,0.15757575757575756,<30
34.0,2.0,9,9,65000000.0,6200000,2107690,1922310,0.0,Aprobado,0.09538461538461539,30-40
40.0,2.0,15,16,73000000.0,3400000,1032512,1449488,0.0,Aprobado,0.04657534246575343,30-40
31.0,2.0,0,4,27000000.0,12800000,1088640,2367360,1.0,No Aprobado,0.4740740740740741,30-40
25.0,1.0,1,0,20000000.0,6700000,471680,868320,1.0,No Aprobado,0.335,<30
45.0,1.0,12,19,37000000.0,9500000,1342730,2172270,0.0,Aprobado,0.25675675675675674,40-50
23.0,1.0,3,0,19000000.0,8400000,279300,1316700,1.0,No Aprobado,0.4421052631578947,<30
34.0,4.0,6,3,27000000.0,35300000,1982448,7548552,1.0,No Aprobado,1.3074074074074074,30-40
31.0,1.0,2,4,22000000.0,12700000,1092454,1701546,1.0,No Aprobado,0.5772727272727273,30-40
28.0,1.0,5,9,22000000.0,2800000,140448,475552,0.0,Aprobado,0.12727272727272726,<30
41.0,1.0,7,11,43000000.0,4400000,694364,1197636,0.0,Aprobado,0.10232558139534884,40-50
39.0,2.0,7,2,68000000.0,13000000,1016600,7823400,1.0,No Aprobado,0.19117647058823528,30-40
29.0,2.0,9,3,36000000.0,1400000,127008,376992,0.0,Aprobado,0.03888888888888889,<30
21.0,1.0,5,1,25000000.0,9000000,366750,1883250,0.0,Aprobado,0.36,<30
41.0,2.0,19,2,68000000.0,5800000,1506608,2437392,0.0,Aprobado,0.08529411764705883,40-50
26.0,4.0,1,7,27000000.0,2900000,311634,471366,0.0,Aprobado,0.10740740740740741,<30
33.0,1.0,5,10,18000000.0,12900000,984528,1337472,0.0,Aprobado,0.7166666666666667,30-40
45.0,2.0,18,19,35000000.0,17400000,548100,5541900,0.0,Aprobado,0.49714285714285716,40-50
39.0,1.0,17,20,60000000.0,13700000,2449560,5770440,0.0,Aprobado,0.22833333333333333,30-40
24.0,1.0,7,2,21000000.0,6300000,519939,803061,0.0,Aprobado,0.3,<30
29.0,2.0,6,7,57000000.0,2200000,452694,801306,0.0,Aprobado,0.03859649122807018,<30
27.0,2.0,1,0,23000000.0,12400000,285200,2566800,0.0,Aprobado,0.5391304347826087,<30
40.0,1.0,13,2,28000000.0,5900000,964768,687232,0.0,Aprobado,0.21071428571428572,30-40
29.0,1.0,8,10,34000000.0,6700000,469536,1138464,0.0,Aprobado,0.19705882352941176,<30
34.0,2.0,4,3,37000000.0,6600000,1159950,1282050,1.0,No Aprobado,0.1783783783783784,30-40
24.0,1.0,0,2,16000000.0,16000000,1008640,1551360,1.0,No Aprobado,1.0,<30
27.0,1.0,9,6,45000000.0,17800000,2851560,5158440,1.0,No Aprobado,0.39555555555555555,<30
41.0,3.0,16,22,135000000.0,4400000,1277100,4662900,0.0,Aprobado,0.03259259259259259,40-50
31.0,1.0,11,8,25000000.0,9100000,141050,2133950,0.0,Aprobado,0.364,30-40
41.0,1.0,16,17,68000000.0,5400000,447984,3224016,0.0,Aprobado,0.07941176470588235,40-50
42.0,2.0,5,3,41000000.0,3400000,355470,1038530,0.0,Aprobado,0.08292682926829269,40-50
28.0,4.0,1,3,26000000.0,12400000,377208,2846792,0.0,Aprobado,0.47692307692307695,<30
30.0,4.0,2,8,25000000.0,10000000,1770000,730000,0.0,Aprobado,0.4,<30
30.0,1.0,11,1,33000000.0,8400000,681912,2090088,0.0,Aprobado,0.2545454545454545,<30
31.0,1.0,8,4,44000000.0,8000000,1721280,1798720,0.0,Aprobado,0.18181818181818182,30-40
45.0,2.0,15,14,51000000.0,18100000,1550808,7680192,0.0,Aprobado,0.35490196078431374,40-50
43.0,1.0,13,23,76000000.0,6100000,2151104,2484896,1.0,No Aprobado,0.08026315789473684,40-50
36.0,1.0,4,10,23000000.0,16300000,1327146,2421854,0.0,Aprobado,0.7086956521739131,30-40
28.0,1.0,8,6,30000000.0,7200000,613440,1546560,0.0,Aprobado,0.24,<30
27.0,2.0,3,5,33000000.0,13200000,1633500,2722500,0.0,Aprobado,0.4,<30
36.0,3.0,13,3,39000000.0,19200000,2800512,4687488,0.0,Aprobado,0.49230769230769234,30-40
33.0,1.0,12,11,32000000.0,11300000,2104512,1511488,0.0,Aprobado,0.353125,30-40
54.0,1.0,9,2,28000000.0,14800000,1558144,2585856,1.0,No Aprobado,0.5285714285714286,50-60
33.0,1.0,9,4,34000000.0,13800000,1348674,2653326,1.0,No Aprobado,0.40588235294117647,30-40
31.0,1.0,9,5,26000000.0,4500000,310050,859950,0.0,Aprobado,0.17307692307692307,30-40
21.0,1.0,4,0,26000000.0,8900000,1420796,893204,0.0,Aprobado,0.3423076923076923,<30
28.0,3.0,5,9,44000000.0,8700000,773256,3054744,0.0,Aprobado,0.19772727272727272,<30
31.0,2.0,2,1,26000000.0,6800000,282880,1485120,1.0,No Aprobado,0.26153846153846155,30-40
32.0,1.0,8,6,26000000.0,4100000,326196,739804,0.0,Aprobado,0.1576923076923077,30-40
35.0,2.0,1,8,24000000.0,12500000,591000,2409000,1.0,No Aprobado,0.5208333333333334,30-40
40.0,2.0,13,11,102000000.0,18900000,6226794,13051206,1.0,No Aprobado,0.18529411764705883,30-40
22.0,1.0,4,2,24000000.0,15600000,1636128,2107872,1.0,No Aprobado,0.65,<30
39.0,1.0,4,9,38000000.0,6500000,1178190,1291810,0.0,Aprobado,0.17105263157894737,30-40
41.0,4.0,14,3,44000000.0,1700000,353056,394944,0.0,Aprobado,0.038636363636363635,40-50
34.0,1.0,16,9,79000000.0,4000000,1734840,1425160,0.0,Aprobado,0.05063291139240506,30-40
29.0,1.0,7,9,22000000.0,9700000,550572,1583428,0.0,Aprobado,0.4409090909090909,<30
31.0,1.0,4,10,28000000.0,11300000,291088,2872912,0.0,Aprobado,0.4035714285714286,30-40
32.0,1.0,1,0,20000000.0,4800000,314880,645120,1.0,No Aprobado,0.24,30-40
34.0,1.0,14,7,73000000.0,8800000,3751616,2672384,0.0,Aprobado,0.12054794520547946,30-40
33.0,1.0,6,14,21000000.0,7500000,567000,1008000,0.0,Aprobado,0.35714285714285715,30-40
26.0,1.0,6,0,22000000.0,10300000,720588,1545412,0.0,Aprobado,0.4681818181818182,<30
21.0,1.0,1,1,18000000.0,17300000,158814,2955186,0.0,Aprobado,0.9611111111111111,<30
28.0,2.0,7,2,34000000.0,7000000,359380,2020620,0.0,Aprobado,0.20588235294117646,<30
37.0,1.0,13,5,24000000.0,8900000,602352,1533648,0.0,Aprobado,0.37083333333333335,30-40
33.0,2.0,2,14,35000000.0,22900000,2123975,5891025,1.0,No Aprobado,0.6542857142857142,30-40
39.0,1.0,12,10,46000000.0,5000000,561200,1738800,0.0,Aprobado,0.10869565217391304,30-40
40.0,2.0,8,19,57000000.0,5600000,877800,2314200,0.0,Aprobado,0.09824561403508772,30-40
45.0,3.0,16,21,80000000.0,3000000,912000,1488000,0.0,Aprobado,0.0375,40-50
27.0,1.0,10,6,34000000.0,6500000,850850,1359150,0.0,Aprobado,0.19117647058823528,<30
28.0,4.0,0,7,29000000.0,24200000,1424654,5593346,0.0,Aprobado,0.8344827586206897,<30
34.0,1.0,13,9,27000000.0,8000000,965520,1194480,0.0,Aprobado,0.2962962962962963,30-40
40.0,1.0,14,21,43000000.0,15000000,2792850,3657150,1.0,No Aprobado,0.3488372093023256,30-40
27.0,1.0,11,8,34000000.0,16900000,4637360,4826640,0.0,Aprobado,0.4970588235294118,<30
36.0,1.0,1,4,16000000.0,9300000,433008,1054992,0.0,Aprobado,0.58125,30-40
55.0,1.0,19,2,78000000.0,15600000,4404816,7763184,0.0,Aprobado,0.2,50-60
27.0,2.0,4,3,22000000.0,13200000,1086096,1817904,1.0,No Aprobado,0.6,<30
30.0,1.0,1,8,17000000.0,11000000,746130,1123870,0.0,Aprobado,0.6470588235294118,<30
36.0,1.0,10,0,28000000.0,11200000,815360,2320640,1.0,No Aprobado,0.4,30-40
31.0,1.0,1,6,21000000.0,2500000,277200,247800,1.0,No Aprobado,0.11904761904761904,30-40
33.0,2.0,13,2,40000000.0,7200000,181440,2698560,0.0,Aprobado,0.18,30-40
30.0,1.0,4,0,33000000.0,4200000,500346,885654,0.0,Aprobado,0.12727272727272726,<30
24.0,1.0,1,0,18000000.0,5900000,238950,823050,1.0,No Aprobado,0.3277777777777778,<30
33.0,4.0,9,10,28000000.0,4300000,376852,827148,0.0,Aprobado,0.15357142857142858,30-40
34.0,1.0,8,27,47000000.0,6900000,398889,2844111,0.0,Aprobado,0.14680851063829786,30-40
31.0,2.0,6,6,32000000.0,23100000,3341184,4050816,1.0,No Aprobado,0.721875,30-40
28.0,1.0,3,7,19000000.0,4100000,260965,518035,0.0,Aprobado,0.21578947368421053,<30
34.0,3.0,8,10,88000000.0,6100000,284504,5083496,1.0,No Aprobado,0.06931818181818182,30-40
48.0,4.0,3,23,45000000.0,9800000,974610,3435390,0.0,Aprobado,0.21777777777777776,40-50
36.0,2.0,0,17,30000000.0,9700000,328830,2581170,0.0,Aprobado,0.3233333333333333,30-40
29.0,3.0,7,1,63000000.0,5500000,571725,2893275,0.0,Aprobado,0.0873015873015873,<30
40.0,3.0,17,11,116000000.0,6000000,2561280,4398720,0.0,Aprobado,0.05172413793103448,30-40
33.0,1.0,7,6,26000000.0,6000000,542880,1017120,0.0,Aprobado,0.23076923076923078,30-40
26.0,2.0,6,6,30000000.0,1000000,143700,156300,0.0,Aprobado,0.03333333333333333,<30
36.0,1.0,14,11,81000000.0,7200000,1784592,4047408,0.0,Aprobado,0.08888888888888889,30-40
26.0,2.0,6,0,35000000.0,1900000,85785,579215,0.0,Aprobado,0.054285714285714284,<30
40.0,3.0,16,6,116000000.0,12100000,1614140,12421860,0.0,Aprobado,0.10431034482758621,30-40
44.0,1.0,5,3,48000000.0,9000000,1969920,2350080,1.0,No Aprobado,0.1875,40-50
29.0,3.0,1,10,30000000.0,4500000,279450,1070550,0.0,Aprobado,0.15,<30
35.0,3.0,5,3,37000000.0,5400000,581418,1416582,1.0,No Aprobado,0.14594594594594595,30-40
34.0,1.0,16,3,75000000.0,10400000,3954600,3845400,0.0,Aprobado,0.13866666666666666,30-40
34.0,3.0,12,8,47000000.0,6700000,1300537,1848463,0.0,Aprobado,0.1425531914893617,30-40
46.0,1.0,14,25,35000000.0,10200000,1349460,2220540,0.0,Aprobado,0.2914285714285714,40-50
41.0,2.0,21,22,145000000.0,12200000,3237270,14452730,0.0,Aprobado,0.08413793103448276,40-50
34.0,2.0,7,8,30000000.0,4000000,447600,752400,1.0,No Aprobado,0.13333333333333333,30-40
27.0,4.0,0,6,70000000.0,8000000,1618400,3981600,1.0,No Aprobado,0.11428571428571428,<30
28.0,1.0,11,6,24000000.0,2400000,107136,468864,0.0,Aprobado,0.1,<30
48.0,3.0,0,27,19000000.0,10800000,849528,1202472,0.0,Aprobado,0.5684210526315789,40-50
48.0,3.0,17,26,113000000.0,12000000,3376440,10183560,0.0,Aprobado,0.10619469026548672,40-50
29.0,3.0,5,6,70000000.0,19900000,3176040,10753960,1.0,No Aprobado,0.2842857142857143,<30
43.0,2.0,9,5,60000000.0,20400000,4039200,8200800,1.0,No Aprobado,0.34,40-50
23.0,1.0,5,2,17000000.0,7900000,302175,1040825,0.0,Aprobado,0.4647058823529412,<30
29.0,2.0,10,8,44000000.0,18100000,3703260,4260740,0.0,Aprobado,0.4113636363636364,<30
40.0,4.0,5,6,75000000.0,1900000,884925,540075,0.0,Aprobado,0.025333333333333333,30-40
22.0,2.0,0,3,20000000.0,5600000,207200,912800,0.0,Aprobado,0.28,<30
23.0,1.0,7,3,22000000.0,14400000,849024,2318976,0.0,Aprobado,0.6545454545454545,<30
46.0,3.0,9,10,60000000.0,15300000,1606500,7573500,0.0,Aprobado,0.255,40-50
55.0,1.0,3,11,40000000.0,8000000,563200,2636800,1.0,No Aprobado,0.2,50-60
38.0,2.0,8,16,38000000.0,600000,29412,198588,0.0,Aprobado,0.015789473684210527,30-40
35.0,2.0,5,1,33000000.0,2800000,103488,820512,0.0,Aprobado,0.08484848484848485,30-40
30.0,1.0,11,9,27000000.0,900000,73872,169128,0.0,Aprobado,0.03333333333333333,<30
24.0,1.0,7,0,18000000.0,6500000,526500,643500,0.0,Aprobado,0.3611111111111111,<30
34.0,2.0,4,3,28000000.0,9500000,226100,2433900,0.0,Aprobado,0.3392857142857143,30-40
32.0,2.0,2,11,15000000.0,9100000,118755,1246245,1.0,No Aprobado,0.6066666666666667,30-40
37.0,2.0,11,4,75000000.0,3500000,632625,1992375,0.0,Aprobado,0.04666666666666667,30-40
39.0,1.0,6,19,42000000.0,19900000,2540832,5817168,1.0,No Aprobado,0.4738095238095238,30-40
30.0,1.0,4,4,21000000.0,18300000,491904,3351096,0.0,Aprobado,0.8714285714285714,<30
30.0,1.0,10,11,39000000.0,9500000,2056275,1648725,0.0,Aprobado,0.24358974358974358,<30
32.0,2.0,7,10,32000000.0,4300000,433440,942560,0.0,Aprobado,0.134375,30-40
54.0,3.0,21,20,118000000.0,14400000,9600480,7391520,0.0,Aprobado,0.12203389830508475,50-60
27.0,3.0,3,4,35000000.0,13300000,1601320,3053680,0.0,Aprobado,0.38,<30
31.0,1.0,12,4,31000000.0,23700000,2057160,5289840,0.0,Aprobado,0.7645161290322581,30-40
39.0,1.0,15,16,39000000.0,1800000,139698,562302,0.0,Aprobado,0.046153846153846156,30-40
31.0,1.0,5,3,25000000.0,14100000,1177350,2347650,0.0,Aprobado,0.564,30-40
35.0,1.0,15,11,40000000.0,18500000,1213600,6186400,0.0,Aprobado,0.4625,30-40
35.0,2.0,10,16,98000000.0,13300000,4874716,8159284,0.0,Aprobado,0.1357142857142857,30-40
46.0,2.0,22,17,144000000.0,11100000,3324672,12659328,0.0,Aprobado,0.07708333333333334,40-50
33.0,1.0,13,3,52000000.0,21300000,2713620,8362380,1.0,No Aprobado,0.4096153846153846,30-40
34.0,2.0,13,3,105000000.0,1900000,1418445,576555,0.0,Aprobado,0.018095238095238095,30-40
35.0,2.0,1,1,21000000.0,7900000,369957,1289043,0.0,Aprobado,0.3761904761904762,30-40
38.0,1.0,5,13,21000000.0,9000000,449820,1440180,0.0,Aprobado,0.42857142857142855,30-40
41.0,1.0,19,1,34000000.0,7800000,2253888,5234112,0.0,Aprobado,0.22941176470588234,40-50
38.0,1.0,18,19,44000000.0,4500000,605880,1374120,0.0,Aprobado,0.10227272727272728,30-40
34.0,3.0,2,14,39000000.0,13200000,1142856,4005144,0.0,Aprobado,0.3384615384615385,30-40
51.0,3.0,16,25,82000000.0,4400000,2604976,1003024,0.0,Aprobado,0.05365853658536585,50-60
34.0,2.0,10,2,33000000.0,9500000,573705,2561295,0.0,Aprobado,0.2878787878787879,30-40
47.0,1.0,15,1,30000000.0,24500000,2212350,5137650,0.0,Aprobado,0.8166666666666667,40-50
34.0,2.0,8,6,78000000.0,5400000,2156544,2055456,0.0,Aprobado,0.06923076923076923,30-40
27.0,2.0,8,7,18000000.0,11900000,400554,1741446,0.0,Aprobado,0.6611111111111111,<30
52.0,1.0,9,11,24000000.0,19200000,801792,3806208,1.0,No Aprobado,0.8,50-60
39.0,1.0,9,6,35000000.0,5000000,232750,1517250,0.0,Aprobado,0.14285714285714285,30-40
33.0,1.0,7,0,22000000.0,6400000,630784,777216,0.0,Aprobado,0.2909090909090909,30-40
34.0,1.0,0,1,21000000.0,7200000,187488,1324512,0.0,Aprobado,0.34285714285714286,30-40
31.0,3.0,9,7,59000000.0,14600000,3109654,5504346,1.0,No Aprobado,0.24745762711864408,30-40
28.0,1.0,2,9,16000000.0,15200000,870656,1561344,0.0,Aprobado,0.95,<30
39.0,1.0,19,16,45000000.0,3700000,915750,749250,0.0,Aprobado,0.08222222222222222,30-40
51.0,2.0,22,23,120000000.0,7600000,4140480,4979520,0.0,Aprobado,0.06333333333333334,50-60
22.0,1.0,4,1,16000000.0,1200000,84480,107520,0.0,Aprobado,0.075,<30
27.0,3.0,6,4,26000000.0,10400000,930176,1773824,0.0,Aprobado,0.4,<30
32.0,1.0,16,10,38000000.0,21000000,694260,7285740,0.0,Aprobado,0.5526315789473685,30-40
28.0,2.0,6,7,38000000.0,7200000,774288,1961712,0.0,Aprobado,0.18947368421052632,<30
27.0,2.0,1,0,20000000.0,10300000,376980,1683020,1.0,No Aprobado,0.515,<30
26.0,2.0,2,6,24000000.0,13600000,1576512,1687488,1.0,No Aprobado,0.5666666666666667,<30
32.0,1.0,14,0,34000000.0,2400000,273024,590976,0.0,Aprobado,0.07058823529411765,30-40
30.0,1.0,0,11,17000000.0,3700000,446590,182410,1.0,No Aprobado,0.21764705882352942,<30
39.0,1.0,13,1,38000000.0,8900000,1897302,1484698,0.0,Aprobado,0.23421052631578948,30-40
31.0,1.0,11,6,34000000.0,4800000,345408,998592,1.0,No Aprobado,0.1411764705882353,30-40
34.0,1.0,15,2,39000000.0,24700000,4373382,5259618,1.0,No Aprobado,0.6333333333333333,30-40
31.0,1.0,8,3,41000000.0,12600000,134316,5031684,0.0,Aprobado,0.3073170731707317,30-40
29.0,2.0,1,7,25000000.0,10400000,569400,2030600,0.0,Aprobado,0.416,<30
29.0,1.0,9,0,25000000.0,13900000,1070300,2404700,0.0,Aprobado,0.556,<30
35.0,2.0,9,16,30000000.0,7600000,649800,1630200,0.0,Aprobado,0.25333333333333335,30-40
29.0,1.0,11,7,32000000.0,6000000,927360,992640,0.0,Aprobado,0.1875,<30
38.0,2.0,2,16,22000000.0,22700000,1208548,3785452,1.0,No Aprobado,1.0318181818181817,30-40
35.0,1.0,16,15,36000000.0,3400000,178704,1045296,0.0,Aprobado,0.09444444444444444,30-40
29.0,1.0,11,5,36000000.0,6100000,709308,1486692,0.0,Aprobado,0.16944444444444445,<30
23.0,2.0,3,4,34000000.0,4400000,261800,1234200,0.0,Aprobado,0.12941176470588237,<30
33.0,1.0,9,8,32000000.0,5500000,496320,1263680,0.0,Aprobado,0.171875,30-40
51.0,2.0,19,25,159000000.0,2800000,1068480,3383520,0.0,Aprobado,0.01761006289308176,50-60
24.0,1.0,4,2,21000000.0,2600000,99372,446628,0.0,Aprobado,0.12380952380952381,<30
31.0,1.0,10,12,49000000.0,9800000,3236548,1565452,1.0,No Aprobado,0.2,30-40
45.0,1.0,10,14,52000000.0,5400000,932256,1875744,0.0,Aprobado,0.10384615384615385,40-50
29.0,1.0,3,1,17000000.0,9000000,469710,1060290,0.0,Aprobado,0.5294117647058824,<30
34.0,1.0,0,10,20000000.0,17100000,2048580,1371420,0.0,Aprobado,0.855,30-40
25.0,2.0,4,5,27000000.0,5000000,549450,800550,1.0,No Aprobado,0.18518518518518517,<30
37.0,1.0,20,2,56000000.0,1900000,542640,521360,0.0,Aprobado,0.033928571428571426,30-40
47.0,1.0,29,18,129000000.0,25300000,20561310,12075690,1.0,No Aprobado,0.19612403100775194,40-50
43.0,2.0,6,24,54000000.0,9600000,622080,4561920,0.0,Aprobado,0.17777777777777778,40-50
47.0,1.0,22,19,81000000.0,5500000,1505790,2949210,0.0,Aprobado,0.06790123456790123,40-50
24.0,1.0,6,2,21000000.0,5200000,108108,983892,0.0,Aprobado,0.24761904761904763,<30
27.0,3.0,5,1,75000000.0,6300000,2206575,2518425,0.0,Aprobado,0.084,<30
25.0,1.0,9,4,18000000.0,1200000,65880,150120,0.0,Aprobado,0.06666666666666667,<30
36.0,3.0,11,12,44000000.0,14700000,446292,6021708,0.0,Aprobado,0.3340909090909091,30-40
34.0,1.0,16,20,57000000.0,19400000,1559178,9498822,0.0,Aprobado,0.34035087719298246,30-40
26.0,1.0,10,1,25000000.0,7100000,1306400,468600,0.0,Aprobado,0.284,<30
41.0,1.0,4,19,25000000.0,10100000,1060500,1464500,0.0,Aprobado,0.404,40-50
39.0,1.0,19,15,60000000.0,27100000,9593400,6666600,1.0,No Aprobado,0.45166666666666666,30-40
37.0,1.0,18,8,54000000.0,12100000,4593402,1940598,0.0,Aprobado,0.22407407407407406,30-40
29.0,1.0,2,0,14000000.0,14400000,586656,1429344,1.0,No Aprobado,1.0285714285714285,<30
42.0,1.0,6,9,31000000.0,11600000,1024860,2571140,0.0,Aprobado,0.3741935483870968,40-50
31.0,4.0,1,6,29000000.0,11100000,1065489,2153511,0.0,Aprobado,0.38275862068965516,30-40
36.0,1.0,4,15,17000000.0,17300000,520557,2420443,0.0,Aprobado,1.0176470588235293,30-40
39.0,1.0,16,4,52000000.0,20000000,4160000,6240000,0.0,Aprobado,0.38461538461538464,30-40
23.0,4.0,0,2,23000000.0,6700000,468464,1072536,0.0,Aprobado,0.29130434782608694,<30
39.0,1.0,4,15,33000000.0,7000000,397320,1912680,0.0,Aprobado,0.21212121212121213,30-40
27.0,3.0,4,1,40000000.0,3100000,283960,956040,1.0,No Aprobado,0.0775,<30
24.0,1.0,8,4,24000000.0,5000000,381600,818400,0.0,Aprobado,0.20833333333333334,<30
27.0,3.0,3,4,45000000.0,11000000,292050,4657950,1.0,No Aprobado,0.24444444444444444,<30
41.0,1.0,16,22,49000000.0,1600000,431200,352800,0.0,Aprobado,0.0326530612244898,40-50
38.0,1.0,0,8,23000000.0,8100000,897966,965034,1.0,No Aprobado,0.3521739130434783,30-40
40.0,2.0,5,12,35000000.0,16400000,1584240,4155760,1.0,No Aprobado,0.4685714285714286,30-40
54.0,1.0,25,12,120000000.0,26500000,14596200,17203800,1.0,No Aprobado,0.22083333333333333,50-60
40.0,1.0,12,6,89000000.0,17400000,2771994,12714006,0.0,Aprobado,0.19550561797752808,30-40
40.0,1.0,2,4,32000000.0,3700000,853664,330336,0.0,Aprobado,0.115625,30-40
29.0,1.0,1,8,31000000.0,8000000,156240,2323760,0.0,Aprobado,0.25806451612903225,<30
30.0,1.0,8,6,23000000.0,12000000,761760,1998240,0.0,Aprobado,0.5217391304347826,<30
29.0,1.0,1,1,18000000.0,1100000,29898,168102,0.0,Aprobado,0.06111111111111111,<30
29.0,3.0,3,3,34000000.0,2400000,259200,940800,1.0,No Aprobado,0.07058823529411765,<30
28.0,4.0,2,4,41000000.0,2500000,459200,565800,1.0,No Aprobado,0.06097560975609756,<30
28.0,4.0,0,5,38000000.0,10400000,636272,3315728,0.0,Aprobado,0.2736842105263158,<30
39.0,2.0,16,9,89000000.0,14300000,5001711,7725289,0.0,Aprobado,0.16067415730337078,30-40
32.0,1.0,11,2,53000000.0,3300000,89199,1659801,0.0,Aprobado,0.062264150943396226,30-40
36.0,2.0,7,16,43000000.0,15400000,2648800,3973200,0.0,Aprobado,0.3581395348837209,30-40
39.0,1.0,20,12,39000000.0,8200000,773916,2424084,0.0,Aprobado,0.21025641025641026,30-40
28.0,3.0,6,8,47000000.0,19800000,5574294,3731706,1.0,No Aprobado,0.42127659574468085,<30
28.0,1.0,4,2,28000000.0,14200000,437360,3538640,1.0,No Aprobado,0.5071428571428571,<30
46.0,1.0,6,19,31000000.0,12200000,1985550,1796450,0.0,Aprobado,0.3935483870967742,40-50
30.0,1.0,4,8,15000000.0,6500000,350025,624975,0.0,Aprobado,0.43333333333333335,<30
39.0,2.0,15,19,32000000.0,4900000,421792,1146208,0.0,Aprobado,0.153125,30-40
40.0,3.0,5,3,220000000.0,16000000,8166400,27033600,1.0,No Aprobado,0.07272727272727272,30-40
44.0,2.0,18,4,74000000.0,13400000,4521696,5394304,0.0,Aprobado,0.1810810810810811,40-50
30.0,1.0,0,8,19000000.0,16600000,624492,2529508,1.0,No Aprobado,0.8736842105263158,<30
24.0,2.0,3,0,19000000.0,4300000,358663,458337,0.0,Aprobado,0.22631578947368422,<30
32.0,1.0,10,13,32000000.0,11300000,1167968,2448032,0.0,Aprobado,0.353125,30-40
29.0,2.0,3,8,15000000.0,2600000,146640,243360,0.0,Aprobado,0.17333333333333334,<30
40.0,2.0,2,1,36000000.0,3800000,277704,1090296,0.0,Aprobado,0.10555555555555556,30-40
41.0,2.0,8,21,43000000.0,700000,85785,215215,0.0,Aprobado,0.01627906976744186,40-50
22.0,1.0,1,3,34000000.0,18600000,806310,2355690,0.0,Aprobado,0.5470588235294118,<30
34.0,1.0,10,8,34000000.0,1200000,36312,371688,0.0,Aprobado,0.03529411764705882,30-40
37.0,2.0,6,13,62000000.0,8500000,1185750,4084250,0.0,Aprobado,0.13709677419354838,30-40
41.0,3.0,18,6,71000000.0,15700000,6565583,4581417,1.0,No Aprobado,0.2211267605633803,40-50
41.0,3.0,7,6,56000000.0,14500000,373520,7746480,1.0,No Aprobado,0.25892857142857145,40-50
39.0,1.0,2,15,22000000.0,23100000,1915914,3166086,1.0,No Aprobado,1.05,30-40
24.0,2.0,0,2,15000000.0,16100000,321195,2093805,1.0,No Aprobado,1.0733333333333333,<30
32.0,3.0,9,10,51000000.0,23000000,2686170,9043830,0.0,Aprobado,0.45098039215686275,30-40
21.0,3.0,0,1,26000000.0,7700000,1529528,472472,0.0,Aprobado,0.29615384615384616,<30
29.0,1.0,13,7,27000000.0,2300000,68931,552069,0.0,Aprobado,0.08518518518518518,<30
35.0,2.0,14,3,82000000.0,800000,468384,187616,0.0,Aprobado,0.00975609756097561,30-40
29.0,1.0,6,7,21000000.0,18100000,1109892,2691108,0.0,Aprobado,0.861904761904762,<30
41.0,1.0,2,22,30000000.0,6700000,112560,1897440,0.0,Aprobado,0.22333333333333333,40-50
37.0,1.0,0,18,18000000.0,12900000,1583604,738396,1.0,No Aprobado,0.7166666666666667,30-40
32.0,2.0,3,13,47000000.0,1900000,428640,464360,0.0,Aprobado,0.04042553191489362,30-40
36.0,5.0,5,12,20000000.0,8100000,729000,891000,0.0,Aprobado,0.405,30-40
39.0,2.0,18,9,44000000.0,2100000,367752,556248,0.0,Aprobado,0.04772727272727273,30-40
36.0,1.0,18,9,67000000.0,11200000,5245296,2258704,0.0,Aprobado,0.16716417910447762,30-40
46.0,3.0,22,4,99000000.0,2300000,826551,1450449,0.0,Aprobado,0.023232323232323233,40-50
34.0,1.0,13,11,51000000.0,9600000,1875168,3020832,0.0,Aprobado,0.18823529411764706,30-40
27.0,1.0,7,4,34000000.0,9100000,641186,1724814,0.0,Aprobado,0.2676470588235294,<30
43.0,1.0,8,11,45000000.0,3300000,677160,807840,0.0,Aprobado,0.07333333333333333,40-50
33.0,1.0,14,8,72000000.0,41300000,15016680,14719320,1.0,No Aprobado,0.5736111111111111,30-40
39.0,2.0,20,17,101000000.0,1400000,340774,1073226,0.0,Aprobado,0.013861386138613862,30-40
29.0,1.0,1,4,17000000.0,2500000,131750,293250,0.0,Aprobado,0.14705882352941177,<30
34.0,4.0,7,15,40000000.0,6400000,949760,1610240,0.0,Aprobado,0.16,30-40
26.0,1.0,1,0,21000000.0,4900000,608139,420861,0.0,Aprobado,0.23333333333333334,<30
31.0,1.0,15,2,60000000.0,4800000,803520,2076480,0.0,Aprobado,0.08,30-40
26.0,1.0,10,6,24000000.0,2700000,311040,336960,0.0,Aprobado,0.1125,<30
28.0,1.0,12,7,45000000.0,7700000,1853775,1611225,0.0,Aprobado,0.1711111111111111,<30
48.0,1.0,13,20,50000000.0,30800000,6113800,9286200,1.0,No Aprobado,0.616,40-50
39.0,2.0,2,12,46000000.0,16000000,4003840,3356160,1.0,No Aprobado,0.34782608695652173,30-40
37.0,1.0,3,3,25000000.0,3700000,275650,649350,0.0,Aprobado,0.148,30-40
52.0,5.0,9,0,70000000.0,9400000,1329160,5250840,1.0,No Aprobado,0.13428571428571429,50-60
48.0,1.0,3,11,27000000.0,21300000,1403244,4347756,0.0,Aprobado,0.7888888888888889,40-50
26.0,1.0,7,3,22000000.0,5100000,208692,913308,0.0,Aprobado,0.2318181818181818,<30
46.0,5.0,15,0,126000000.0,3100000,476532,3429468,0.0,Aprobado,0.024603174603174603,40-50
31.0,1.0,7,10,23000000.0,4900000,225400,901600,0.0,Aprobado,0.21304347826086956,30-40
34.0,1.0,13,8,56000000.0,6100000,864248,2551752,0.0,Aprobado,0.10892857142857143,30-40
40.0,1.0,22,4,95000000.0,3600000,632700,2787300,0.0,Aprobado,0.037894736842105266,30-40
24.0,3.0,2,5,34000000.0,6400000,270336,753664,1.0,No Aprobado,0.18823529411764706,<30
33.0,1.0,2,14,44000000.0,3100000,525140,838860,0.0,Aprobado,0.07045454545454545,30-40
53.0,4.0,5,29,78000000.0,17300000,6935916,6558084,1.0,No Aprobado,0.22179487179487178,50-60
47.0,3.0,9,1,34000000.0,20100000,2539836,7912164,1.0,No Aprobado,0.5911764705882353,40-50
35.0,1.0,5,5,32000000.0,13000000,174720,3985280,0.0,Aprobado,0.40625,30-40
34.0,1.0,14,8,28000000.0,17000000,1137640,3622360,0.0,Aprobado,0.6071428571428571,30-40
49.0,1.0,11,5,34000000.0,10100000,2457936,1481064,0.0,Aprobado,0.29705882352941176,40-50
26.0,2.0,0,7,28000000.0,9300000,1270752,1333248,0.0,Aprobado,0.33214285714285713,<30
23.0,1.0,2,2,16000000.0,9600000,804864,731136,1.0,No Aprobado,0.6,<30
23.0,2.0,0,4,21000000.0,8700000,454923,1372077,0.0,Aprobado,0.4142857142857143,<30
38.0,2.0,4,13,56000000.0,1600000,441728,454272,0.0,Aprobado,0.02857142857142857,30-40
28.0,2.0,5,2,37000000.0,8300000,1123986,1947014,0.0,Aprobado,0.22432432432432434,<30
30.0,3.0,0,8,65000000.0,29700000,3899610,15405390,1.0,No Aprobado,0.45692307692307693,<30
34.0,1.0,18,10,34000000.0,15400000,2099636,3136364,0.0,Aprobado,0.45294117647058824,30-40
50.0,2.0,16,14,71000000.0,11100000,1662891,6218109,0.0,Aprobado,0.1563380281690141,40-50
29.0,1.0,12,2,40000000.0,6700000,1632120,1047880,0.0,Aprobado,0.1675,<30
42.0,3.0,0,9,64000000.0,6600000,278784,3945216,0.0,Aprobado,0.103125,40-50
31.0,1.0,13,12,27000000.0,5000000,237600,1112400,0.0,Aprobado,0.18518518518518517,30-40
39.0,1.0,10,4,31000000.0,4800000,184512,1303488,0.0,Aprobado,0.15483870967741936,30-40
45.0,2.0,21,26,132000000.0,3000000,2558160,1401840,0.0,Aprobado,0.022727272727272728,40-50
45.0,1.0,22,24,91000000.0,11700000,1256346,9390654,0.0,Aprobado,0.12857142857142856,40-50
36.0,1.0,14,17,53000000.0,5700000,1888125,1132875,0.0,Aprobado,0.10754716981132076,30-40
25.0,4.0,0,6,34000000.0,12100000,1597200,1306800,1.0,No Aprobado,0.3558823529411765,<30
29.0,2.0,1,7,29000000.0,21200000,2330092,3817908,1.0,No Aprobado,0.7310344827586207,<30
30.0,2.0,8,4,56000000.0,6400000,333312,3250688,0.0,Aprobado,0.11428571428571428,<30
31.0,1.0,1,1,34000000.0,4500000,217080,862920,0.0,Aprobado,0.1323529411764706,30-40
43.0,1.0,4,2,29000000.0,4600000,53360,1280640,0.0,Aprobado,0.15862068965517243,40-50
32.0,2.0,11,4,57000000.0,23800000,5439966,8126034,1.0,No Aprobado,0.41754385964912283,30-40
47.0,1.0,19,7,50000000.0,30100000,3175550,11874450,0.0,Aprobado,0.602,40-50
46.0,1.0,1,15,21000000.0,14800000,1376844,1731156,1.0,No Aprobado,0.7047619047619048,40-50
43.0,2.0,16,10,83000000.0,4100000,258628,3144372,0.0,Aprobado,0.04939759036144578,40-50
48.0,1.0,3,7,24000000.0,7000000,764400,915600,0.0,Aprobado,0.2916666666666667,40-50
30.0,3.0,8,7,61000000.0,2800000,549976,1158024,0.0,Aprobado,0.04590163934426229,<30
23.0,4.0,0,4,32000000.0,18400000,818432,5069568,1.0,No Aprobado,0.575,<30
36.0,4.0,8,0,32000000.0,1600000,24576,487424,0.0,Aprobado,0.05,30-40
20.0,1.0,0,1,17000000.0,2300000,43792,347208,0.0,Aprobado,0.13529411764705881,<30
43.0,1.0,16,7,89000000.0,400000,159488,196512,0.0,Aprobado,0.0044943820224719105,40-50
23.0,1.0,2,1,25000000.0,4500000,123750,1001250,1.0,No Aprobado,0.18,<30
41.0,1.0,21,2,76000000.0,20500000,6948680,8631320,0.0,Aprobado,0.26973684210526316,40-50
34.0,1.0,12,5,34000000.0,25100000,7817144,9250856,1.0,No Aprobado,0.7382352941176471,30-40
50.0,1.0,11,5,36000000.0,4800000,834624,893376,0.0,Aprobado,0.13333333333333333,40-50
40.0,1.0,9,4,64000000.0,6600000,789888,3434112,0.0,Aprobado,0.103125,30-40
29.0,2.0,0,8,22000000.0,12900000,1038708,1799292,1.0,No Aprobado,0.5863636363636363,<30
34.0,2.0,9,16,56000000.0,18700000,4764760,5707240,0.0,Aprobado,0.3339285714285714,30-40
24.0,2.0,1,2,42000000.0,5700000,837900,1556100,0.0,Aprobado,0.1357142857142857,<30
27.0,1.0,0,5,16000000.0,1100000,130416,45584,0.0,Aprobado,0.06875,<30
40.0,3.0,18,14,157000000.0,6600000,3326202,7035798,0.0,Aprobado,0.04203821656050955,30-40
32.0,2.0,8,2,45000000.0,3700000,982350,682650,0.0,Aprobado,0.08222222222222222,30-40
39.0,2.0,16,12,53000000.0,3700000,694194,1266806,0.0,Aprobado,0.06981132075471698,30-40
40.0,1.0,22,1,100000000.0,14600000,5402000,9198000,0.0,Aprobado,0.146,30-40
32.0,1.0,10,11,42000000.0,9100000,1540266,2281734,0.0,Aprobado,0.21666666666666667,30-40
39.0,1.0,23,1,75000000.0,18900000,3132675,11042325,0.0,Aprobado,0.252,30-40
24.0,1.0,3,3,21000000.0,28900000,2682498,3386502,1.0,No Aprobado,1.3761904761904762,<30
43.0,4.0,18,14,446000000.0,6500000,16031470,12958530,1.0,No Aprobado,0.014573991031390135,40-50
56.0,1.0,11,20,59000000.0,15000000,4672800,4177200,0.0,Aprobado,0.2542372881355932,50-60
32.0,3.0,5,9,23000000.0,4500000,326025,708975,0.0,Aprobado,0.1956521739130435,30-40
42.0,1.0,7,12,34000000.0,10200000,1629450,920550,0.0,Aprobado,0.3,40-50
46.0,3.0,3,13,43000000.0,13200000,3042336,2633664,1.0,No Aprobado,0.30697674418604654,40-50
31.0,1.0,2,2,22000000.0,16400000,1739056,1868944,1.0,No Aprobado,0.7454545454545455,30-40
43.0,1.0,25,16,242000000.0,2600000,1635920,4656080,0.0,Aprobado,0.010743801652892562,40-50
28.0,2.0,6,9,22000000.0,11500000,650210,1879790,0.0,Aprobado,0.5227272727272727,<30
39.0,3.0,11,17,39000000.0,12900000,2560779,2470221,0.0,Aprobado,0.33076923076923076,30-40
39.0,1.0,0,8,39000000.0,7900000,1066026,2014974,0.0,Aprobado,0.20256410256410257,30-40
37.0,4.0,1,14,33000000.0,16100000,2693691,2619309,1.0,No Aprobado,0.48787878787878786,30-40
30.0,1.0,0,11,17000000.0,12000000,303960,1736040,0.0,Aprobado,0.7058823529411765,<30
37.0,5.0,9,16,177000000.0,5900000,887655,9555345,0.0,Aprobado,0.03333333333333333,30-40
22.0,1.0,4,3,14000000.0,17500000,225400,2224600,0.0,Aprobado,1.25,<30
50.0,1.0,1,26,26000000.0,14300000,1851564,1866436,0.0,Aprobado,0.55,40-50
30.0,1.0,10,2,19000000.0,4400000,336072,499928,0.0,Aprobado,0.23157894736842105,<30
39.0,1.0,8,0,21000000.0,4000000,276360,563640,0.0,Aprobado,0.19047619047619047,30-40
21.0,2.0,0,2,21000000.0,12500000,488250,2136750,1.0,No Aprobado,0.5952380952380952,<30
31.0,3.0,9,2,28000000.0,2600000,121576,606424,0.0,Aprobado,0.09285714285714286,30-40
31.0,2.0,9,1,30000000.0,5800000,602040,1137960,0.0,Aprobado,0.19333333333333333,30-40
48.0,1.0,0,23,30000000.0,22300000,2662620,4027380,0.0,Aprobado,0.7433333333333333,40-50
28.0,1.0,4,1,16000000.0,23800000,1085280,2722720,0.0,Aprobado,1.4875,<30
47.0,3.0,16,26,221000000.0,17600000,15791776,23104224,1.0,No Aprobado,0.07963800904977375,40-50
27.0,2.0,6,1,34000000.0,4400000,237864,1258136,0.0,Aprobado,0.12941176470588237,<30
29.0,2.0,6,10,65000000.0,18400000,1985360,9974640,0.0,Aprobado,0.28307692307692306,<30
21.0,2.0,2,0,20000000.0,4500000,290700,609300,1.0,No Aprobado,0.225,<30
29.0,3.0,7,5,20000000.0,19800000,1005840,2954160,1.0,No Aprobado,0.99,<30
24.0,4.0,0,3,29000000.0,6600000,589512,1324488,1.0,No Aprobado,0.22758620689655173,<30
44.0,1.0,12,3,34000000.0,9700000,357833,2649167,0.0,Aprobado,0.2852941176470588,40-50
22.0,1.0,1,0,34000000.0,4400000,270072,521928,0.0,Aprobado,0.12941176470588237,<30
38.0,2.0,13,0,59000000.0,2400000,407808,1008192,0.0,Aprobado,0.04067796610169491,30-40
52.0,2.0,12,16,76000000.0,7700000,994840,4857160,0.0,Aprobado,0.1013157894736842,50-60
25.0,1.0,3,2,18000000.0,16300000,352080,2581920,1.0,No Aprobado,0.9055555555555556,<30
25.0,1.0,5,5,22000000.0,10900000,402864,1995136,0.0,Aprobado,0.4954545454545455,<30
51.0,2.0,27,21,166000000.0,11500000,820870,18269130,0.0,Aprobado,0.06927710843373494,50-60
38.0,1.0,21,16,58000000.0,16500000,4584030,4985970,0.0,Aprobado,0.28448275862068967,30-40
44.0,1.0,9,20,33000000.0,5200000,545688,1170312,0.0,Aprobado,0.15757575757575756,40-50
24.0,2.0,2,3,26000000.0,9700000,887744,1634256,1.0,No Aprobado,0.3730769230769231,<30
34.0,1.0,5,3,33000000.0,7300000,778107,1630893,0.0,Aprobado,0.22121212121212122,30-40
25.0,2.0,6,2,26000000.0,4500000,70200,1099800,0.0,Aprobado,0.17307692307692307,<30
45.0,3.0,5,17,94000000.0,10500000,3612420,6257580,1.0,No Aprobado,0.11170212765957446,40-50
34.0,2.0,4,10,25000000.0,5800000,569850,880150,0.0,Aprobado,0.232,30-40
27.0,4.0,2,8,23000000.0,5700000,319884,991116,1.0,No Aprobado,0.24782608695652175,<30
33.0,2.0,10,13,57000000.0,20900000,6111369,5801631,1.0,No Aprobado,0.36666666666666664,30-40
35.0,2.0,0,16,22000000.0,15000000,1970100,1329900,1.0,No Aprobado,0.6818181818181818,30-40
50.0,2.0,15,31,60000000.0,1100000,467940,192060,0.0,Aprobado,0.018333333333333333,40-50
33.0,1.0,13,13,42000000.0,3600000,228312,1283688,0.0,Aprobado,0.08571428571428572,30-40
41.0,3.0,13,13,34000000.0,25200000,2316132,20615868,1.0,No Aprobado,0.7411764705882353,40-50
28.0,1.0,0,2,28000000.0,33300000,2284380,7039620,1.0,No Aprobado,1.1892857142857143,<30
38.0,3.0,12,14,63000000.0,16000000,5715360,4364640,1.0,No Aprobado,0.25396825396825395,30-40
25.0,1.0,3,2,16000000.0,17800000,1011040,1836960,1.0,No Aprobado,1.1125,<30
47.0,2.0,4,9,33000000.0,7100000,1194930,1148070,1.0,No Aprobado,0.21515151515151515,40-50
30.0,1.0,12,9,98000000.0,7200000,2935296,4120704,0.0,Aprobado,0.07346938775510205,<30
44.0,2.0,12,5,86000000.0,13000000,1475760,9704240,0.0,Aprobado,0.1511627906976744,40-50
25.0,1.0,0,2,18000000.0,18900000,513702,2888298,1.0,No Aprobado,1.05,<30
41.0,2.0,6,0,36000000.0,19500000,4513860,2506140,1.0,No Aprobado,0.5416666666666666,40-50
22.0,3.0,0,1,18000000.0,7700000,478170,907830,0.0,Aprobado,0.42777777777777776,<30
35.0,2.0,3,11,40000000.0,17200000,1802560,5077440,1.0,No Aprobado,0.43,30-40
42.0,5.0,6,23,190000000.0,7800000,3156660,11663340,0.0,Aprobado,0.04105263157894737,40-50
38.0,1.0,3,19,23000000.0,14700000,831726,2549274,0.0,Aprobado,0.6391304347826087,30-40
23.0,2.0,1,3,18000000.0,18700000,885258,2480742,1.0,No Aprobado,1.038888888888889,<30
28.0,3.0,2,5,30000000.0,19900000,1522350,4447650,0.0,Aprobado,0.6633333333333333,<30
52.0,1.0,19,25,34000000.0,4700000,397385,3785615,0.0,Aprobado,0.13823529411764707,50-60
25.0,1.0,9,2,20000000.0,3500000,105000,595000,0.0,Aprobado,0.175,<30
28.0,2.0,1,4,16000000.0,14700000,573888,1778112,0.0,Aprobado,0.91875,<30
43.0,1.0,19,11,79000000.0,7500000,782100,5142900,0.0,Aprobado,0.0949367088607595,40-50
24.0,2.0,3,1,24000000.0,19100000,2172816,2411184,0.0,Aprobado,0.7958333333333333,<30
34.0,3.0,13,7,52000000.0,9200000,1497392,3286608,0.0,Aprobado,0.17692307692307693,30-40
29.0,2.0,6,9,25000000.0,4200000,584850,465150,0.0,Aprobado,0.168,<30
31.0,1.0,6,9,21000000.0,8300000,728574,1014426,0.0,Aprobado,0.3952380952380952,30-40
42.0,2.0,14,1,48000000.0,8600000,1201248,2926752,1.0,No Aprobado,0.17916666666666667,40-50
49.0,2.0,11,1,51000000.0,15000000,543150,7106850,0.0,Aprobado,0.29411764705882354,40-50
39.0,1.0,22,9,73000000.0,14300000,3726723,6712277,0.0,Aprobado,0.1958904109589041,30-40
45.0,3.0,0,19,22000000.0,4200000,30492,893508,0.0,Aprobado,0.19090909090909092,40-50
41.0,1.0,7,22,32000000.0,2900000,72384,855616,0.0,Aprobado,0.090625,40-50
29.0,2.0,9,0,46000000.0,1600000,241408,494592,0.0,Aprobado,0.034782608695652174,<30
35.0,3.0,7,5,38000000.0,15100000,1382858,4355142,0.0,Aprobado,0.3973684210526316,30-40
27.0,2.0,5,6,25000000.0,6800000,705500,994500,0.0,Aprobado,0.272,<30
28.0,1.0,4,7,19000000.0,4100000,286672,492328,0.0,Aprobado,0.21578947368421053,<30
48.0,1.0,17,22,66000000.0,3200000,1467840,644160,0.0,Aprobado,0.048484848484848485,40-50
24.0,1.0,2,5,18000000.0,6000000,528120,551880,0.0,Aprobado,0.3333333333333333,<30
31.0,1.0,6,12,33000000.0,4200000,145530,1240470,0.0,Aprobado,0.12727272727272726,30-40
43.0,1.0,10,9,69000000.0,6400000,410688,4005312,0.0,Aprobado,0.0927536231884058,40-50
42.0,1.0,3,10,24000000.0,10600000,666528,1877472,0.0,Aprobado,0.44166666666666665,40-50
51.0,2.0,31,14,249000000.0,7800000,4272840,15149160,0.0,Aprobado,0.03132530120481928,50-60
22.0,1.0,4,3,19000000.0,23100000,1887270,2501730,1.0,No Aprobado,1.2157894736842105,<30
37.0,1.0,6,10,31000000.0,11700000,1701063,1925937,1.0,No Aprobado,0.3774193548387097,30-40
22.0,3.0,1,3,34000000.0,13800000,1976850,1473150,1.0,No Aprobado,0.40588235294117647,<30
49.0,2.0,2,13,20000000.0,16900000,378560,3001440,1.0,No Aprobado,0.845,40-50
29.0,1.0,9,8,30000000.0,8200000,154980,2305020,0.0,Aprobado,0.2733333333333333,<30
42.0,1.0,2,16,30000000.0,9700000,1472460,1437540,0.0,Aprobado,0.3233333333333333,40-50
34.0,1.0,15,0,67000000.0,13200000,3741012,5102988,0.0,Aprobado,0.19701492537313434,30-40
34.0,2.0,9,7,27000000.0,1700000,295137,163863,0.0,Aprobado,0.06296296296296296,30-40
32.0,2.0,5,5,43000000.0,15000000,1806000,4644000,1.0,No Aprobado,0.3488372093023256,30-40
42.0,2.0,18,23,66000000.0,9600000,1641024,4694976,0.0,Aprobado,0.14545454545454545,40-50
24.0,1.0,3,0,14000000.0,16100000,838488,1415512,1.0,No Aprobado,1.15,<30
34.0,1.0,16,9,48000000.0,7600000,1473792,2174208,0.0,Aprobado,0.15833333333333333,30-40
26.0,1.0,10,2,32000000.0,4700000,126336,1377664,0.0,Aprobado,0.146875,<30
30.0,2.0,12,9,68000000.0,20100000,2856612,10811388,0.0,Aprobado,0.29558823529411765,<30
32.0,1.0,4,3,16000000.0,28500000,893760,3666240,1.0,No Aprobado,1.78125,30-40
38.0,3.0,13,18,25000000.0,5700000,343425,1081575,0.0,Aprobado,0.228,30-40
43.0,2.0,10,24,37000000.0,8500000,676175,2468825,0.0,Aprobado,0.22972972972972974,40-50
31.0,2.0,9,8,53000000.0,13500000,1194885,5960115,0.0,Aprobado,0.25471698113207547,30-40
34.0,4.0,10,18,123000000.0,17300000,3021618,18257382,0.0,Aprobado,0.14065040650406505,30-40
37.0,2.0,4,11,20000000.0,21700000,173600,4166400,1.0,No Aprobado,1.085,30-40
41.0,3.0,12,11,34000000.0,26500000,4991010,17798990,1.0,No Aprobado,0.7794117647058824,40-50
32.0,1.0,0,4,20000000.0,3000000,263400,336600,1.0,No Aprobado,0.15,30-40
22.0,2.0,0,1,35000000.0,9000000,781200,2368800,1.0,No Aprobado,0.2571428571428571,<30
32.0,2.0,12,3,63000000.0,18200000,5549544,5916456,0.0,Aprobado,0.28888888888888886,30-40
34.0,2.0,17,23,41000000.0,9500000,455715,3439285,0.0,Aprobado,0.23170731707317074,30-40
40.0,1.0,21,21,46000000.0,6200000,966828,1885172,0.0,Aprobado,0.13478260869565217,30-40
31.0,1.0,8,1,22000000.0,6700000,369974,1104026,0.0,Aprobado,0.30454545454545456,30-40
34.0,3.0,7,0,27000000.0,2200000,125334,468666,0.0,Aprobado,0.08148148148148149,30-40
52.0,4.0,13,17,234000000.0,7700000,7387380,10630620,0.0,Aprobado,0.03290598290598291,50-60
28.0,1.0,2,2,17000000.0,2500000,199325,225675,1.0,No Aprobado,0.14705882352941177,<30
38.0,3.0,15,18,63000000.0,13400000,5090526,3351474,0.0,Aprobado,0.2126984126984127,30-40
33.0,2.0,10,4,26000000.0,3100000,30628,775372,0.0,Aprobado,0.11923076923076924,30-40
39.0,2.0,9,12,32000000.0,6600000,1429824,682176,0.0,Aprobado,0.20625,30-40
47.0,3.0,23,11,115000000.0,4000000,653200,3946800,0.0,Aprobado,0.034782608695652174,40-50
36.0,2.0,11,8,49000000.0,1300000,272636,364364,0.0,Aprobado,0.026530612244897958,30-40
29.0,3.0,7,2,84000000.0,13600000,6911520,4512480,1.0,No Aprobado,0.1619047619047619,<30
48.0,4.0,14,10,59000000.0,16500000,4935645,4799355,1.0,No Aprobado,0.2796610169491525,40-50
38.0,3.0,12,18,64000000.0,5800000,894592,2817408,0.0,Aprobado,0.090625,30-40
46.0,2.0,9,26,15000000.0,4300000,14835,630165,0.0,Aprobado,0.2866666666666667,40-50
27.0,3.0,5,4,42000000.0,19900000,2707992,5650008,1.0,No Aprobado,0.4738095238095238,<30
54.0,1.0,18,34,114000000.0,8500000,3294600,6395400,0.0,Aprobado,0.07456140350877193,50-60
27.0,4.0,0,0,34000000.0,12700000,1419225,1755775,1.0,No Aprobado,0.3735294117647059,<30
23.0,1.0,1,0,17000000.0,1600000,11696,260304,0.0,Aprobado,0.09411764705882353,<30
41.0,1.0,23,2,91000000.0,13700000,573482,11893518,0.0,Aprobado,0.15054945054945054,40-50
24.0,1.0,3,5,15000000.0,11300000,72885,1622115,1.0,No Aprobado,0.7533333333333333,<30
28.0,1.0,9,0,22000000.0,27700000,5283498,810502,1.0,No Aprobado,1.259090909090909,<30
26.0,1.0,0,0,14000000.0,10500000,255780,1214220,0.0,Aprobado,0.75,<30
24.0,1.0,8,0,17000000.0,5600000,569296,382704,1.0,No Aprobado,0.32941176470588235,<30
49.0,2.0,22,4,79000000.0,7300000,288350,5478650,0.0,Aprobado,0.09240506329113925,40-50
28.0,2.0,3,1,36000000.0,8600000,383904,2712096,0.0,Aprobado,0.2388888888888889,<30
38.0,1.0,6,17,18000000.0,13000000,131040,2208960,0.0,Aprobado,0.7222222222222222,30-40
33.0,2.0,2,9,37000000.0,4500000,834165,830835,0.0,Aprobado,0.12162162162162163,30-40
26.0,1.0,8,4,25000000.0,4700000,210325,964675,0.0,Aprobado,0.188,<30
36.0,1.0,9,1,40000000.0,9800000,1975680,1944320,0.0,Aprobado,0.245,30-40
37.0,3.0,16,14,50000000.0,36600000,7320000,10980000,1.0,No Aprobado,0.732,30-40
25.0,4.0,0,1,18000000.0,33400000,2801592,3210408,1.0,No Aprobado,1.8555555555555556,<30
29.0,1.0,9,2,33000000.0,4800000,693792,890208,0.0,Aprobado,0.14545454545454545,<30
27.0,2.0,8,4,38000000.0,6900000,364458,2257542,0.0,Aprobado,0.18157894736842106,<30
45.0,1.0,17,0,62000000.0,15000000,2436600,6863400,0.0,Aprobado,0.24193548387096775,40-50
37.0,1.0,9,8,57000000.0,5500000,1357455,1777545,0.0,Aprobado,0.09649122807017543,30-40
29.0,2.0,3,6,26000000.0,6100000,537654,1048346,1.0,No Aprobado,0.23461538461538461,<30
51.0,1.0,10,1,44000000.0,13200000,4960032,847968,1.0,No Aprobado,0.3,50-60
22.0,3.0,0,0,23000000.0,8400000,372876,1559124,1.0,No Aprobado,0.3652173913043478,<30
30.0,4.0,7,10,30000000.0,15700000,263760,4446240,0.0,Aprobado,0.5233333333333333,<30
31.0,1.0,7,2,20000000.0,12300000,110700,2349300,0.0,Aprobado,0.615,30-40
28.0,1.0,2,0,18000000.0,14800000,1939392,724608,1.0,No Aprobado,0.8222222222222222,<30
35.0,1.0,10,16,34000000.0,5700000,217854,2005146,0.0,Aprobado,0.1676470588235294,30-40
25.0,4.0,1,1,34000000.0,8500000,132940,2757060,1.0,No Aprobado,0.25,<30
32.0,2.0,5,0,28000000.0,14800000,2594144,1549856,1.0,No Aprobado,0.5285714285714286,30-40
33.0,1.0,2,10,24000000.0,9600000,1041408,1262592,0.0,Aprobado,0.4,30-40
28.0,2.0,3,4,41000000.0,25100000,5896743,4394257,1.0,No Aprobado,0.6121951219512195,<30
46.0,3.0,4,17,73000000.0,5400000,2223288,1718712,0.0,Aprobado,0.07397260273972603,40-50
41.0,1.0,24,12,83000000.0,14000000,6588540,5031460,0.0,Aprobado,0.1686746987951807,40-50
42.0,2.0,11,5,73000000.0,6800000,2869192,2094808,0.0,Aprobado,0.09315068493150686,40-50
41.0,4.0,9,13,47000000.0,5000000,437100,1912900,0.0,Aprobado,0.10638297872340426,40-50
26.0,1.0,3,5,29000000.0,25700000,2526567,4926433,1.0,No Aprobado,0.8862068965517241,<30
47.0,1.0,27,8,113000000.0,9200000,2380684,8015316,0.0,Aprobado,0.08141592920353982,40-50
29.0,1.0,1,3,18000000.0,25600000,1981440,2626560,1.0,No Aprobado,1.4222222222222223,<30
34.0,1.0,3,14,36000000.0,4700000,624348,1067652,0.0,Aprobado,0.13055555555555556,30-40
36.0,1.0,7,2,43000000.0,6200000,1039740,1626260,0.0,Aprobado,0.14418604651162792,30-40
38.0,2.0,7,4,64000000.0,3000000,650880,1269120,0.0,Aprobado,0.046875,30-40
41.0,2.0,4,14,26000000.0,19200000,1472640,3519360,1.0,No Aprobado,0.7384615384615385,40-50
46.0,1.0,9,23,31000000.0,13800000,1617084,2660916,0.0,Aprobado,0.44516129032258067,40-50
40.0,3.0,3,15,55000000.0,16500000,1751475,7323525,1.0,No Aprobado,0.3,30-40
44.0,2.0,17,0,129000000.0,2500000,551475,2673525,0.0,Aprobado,0.01937984496124031,40-50
35.0,3.0,10,15,39000000.0,10400000,1602120,2453880,0.0,Aprobado,0.26666666666666666,30-40
36.0,1.0,20,15,34000000.0,5400000,1056240,2183760,0.0,Aprobado,0.1588235294117647,30-40
28.0,1.0,0,3,30000000.0,4800000,120960,1319040,1.0,No Aprobado,0.16,<30
29.0,2.0,6,7,18000000.0,5100000,449820,468180,1.0,No Aprobado,0.2833333333333333,<30
23.0,2.0,3,3,22000000.0,11400000,1274064,1233936,1.0,No Aprobado,0.5181818181818182,<30
41.0,2.0,7,17,63000000.0,15400000,4637556,5064444,0.0,Aprobado,0.24444444444444444,40-50
25.0,1.0,1,1,34000000.0,6900000,190095,1120905,0.0,Aprobado,0.20294117647058824,<30
45.0,2.0,2,19,29000000.0,5400000,443178,1122822,0.0,Aprobado,0.18620689655172415,40-50
48.0,2.0,30,14,148000000.0,7200000,3974688,6681312,0.0,Aprobado,0.04864864864864865,40-50
38.0,1.0,18,7,45000000.0,7000000,535500,2614500,0.0,Aprobado,0.15555555555555556,30-40
29.0,1.0,6,4,34000000.0,5400000,1169964,1314036,0.0,Aprobado,0.1588235294117647,<30
42.0,4.0,15,8,186000000.0,3600000,2403864,4292136,0.0,Aprobado,0.01935483870967742,40-50
31.0,1.0,11,12,47000000.0,10900000,2863757,2259243,0.0,Aprobado,0.23191489361702128,30-40
40.0,1.0,3,13,23000000.0,6900000,409446,1177554,0.0,Aprobado,0.3,30-40
26.0,1.0,2,6,21000000.0,19800000,1022868,3135132,0.0,Aprobado,0.9428571428571428,<30
25.0,1.0,6,6,22000000.0,20200000,2261996,2182004,0.0,Aprobado,0.9181818181818182,<30
53.0,4.0,7,11,61000000.0,7900000,1874591,2944409,0.0,Aprobado,0.12950819672131147,50-60
50.0,3.0,18,27,102000000.0,14100000,5781564,8600436,0.0,Aprobado,0.13823529411764707,40-50
47.0,1.0,31,9,136000000.0,23100000,14231448,17184552,1.0,No Aprobado,0.1698529411764706,40-50
23.0,1.0,1,0,21000000.0,8400000,1210104,553896,1.0,No Aprobado,0.4,<30
37.0,3.0,12,8,83000000.0,4100000,319882,3083118,0.0,Aprobado,0.04939759036144578,30-40
41.0,1.0,24,15,100000000.0,11500000,5060000,6440000,0.0,Aprobado,0.115,40-50
28.0,2.0,0,7,29000000.0,13300000,2148349,1708651,1.0,No Aprobado,0.4586206896551724,<30
31.0,1.0,7,11,41000000.0,30700000,2995706,9591294,1.0,No Aprobado,0.748780487804878,30-40
41.0,2.0,6,1,19000000.0,6300000,124488,1072512,0.0,Aprobado,0.33157894736842103,40-50
36.0,1.0,7,17,40000000.0,9900000,1694880,2265120,0.0,Aprobado,0.2475,30-40
41.0,1.0,1,16,19000000.0,4400000,241604,594396,0.0,Aprobado,0.23157894736842105,40-50
53.0,2.0,16,31,44000000.0,5600000,1333024,1130976,0.0,Aprobado,0.12727272727272726,50-60
31.0,2.0,6,5,25000000.0,11500000,2331625,543375,0.0,Aprobado,0.46,30-40
28.0,2.0,5,6,25000000.0,2900000,338575,386425,0.0,Aprobado,0.116,<30
48.0,1.0,28,25,70000000.0,12000000,4334400,4065600,0.0,Aprobado,0.17142857142857143,40-50
23.0,2.0,0,1,42000000.0,3900000,1018836,619164,1.0,No Aprobado,0.09285714285714286,<30
31.0,1.0,11,6,34000000.0,6800000,298248,2013752,0.0,Aprobado,0.2,30-40
27.0,1.0,6,6,43000000.0,4900000,882833,1224167,0.0,Aprobado,0.11395348837209303,<30
43.0,1.0,11,17,37000000.0,1300000,179894,301106,0.0,Aprobado,0.03513513513513514,40-50
29.0,2.0,5,7,28000000.0,18700000,2125816,3110184,0.0,Aprobado,0.6678571428571428,<30
53.0,1.0,6,7,27000000.0,6400000,594432,1133568,1.0,No Aprobado,0.23703703703703705,50-60
38.0,1.0,4,9,19000000.0,13600000,1245488,1338512,0.0,Aprobado,0.7157894736842105,30-40
30.0,1.0,12,10,38000000.0,8500000,171190,3058810,0.0,Aprobado,0.2236842105263158,<30
28.0,3.0,2,0,20000000.0,9400000,233120,1646880,1.0,No Aprobado,0.47,<30
36.0,1.0,11,2,33000000.0,32500000,1265550,9459450,0.0,Aprobado,0.9848484848484849,30-40
48.0,1.0,15,5,60000000.0,2100000,321300,938700,0.0,Aprobado,0.035,40-50
31.0,1.0,12,9,24000000.0,6600000,441936,1142064,0.0,Aprobado,0.275,30-40
35.0,1.0,16,10,57000000.0,10500000,1143135,4841865,0.0,Aprobado,0.18421052631578946,30-40
50.0,1.0,4,4,23000000.0,12500000,140875,2734125,0.0,Aprobado,0.5434782608695652,40-50
42.0,2.0,12,9,55000000.0,15000000,2532750,5717250,0.0,Aprobado,0.2727272727272727,40-50
40.0,1.0,2,3,28000000.0,7100000,184884,1803116,0.0,Aprobado,0.25357142857142856,30-40
37.0,2.0,0,13,31000000.0,900000,118017,160983,1.0,No Aprobado,0.02903225806451613,30-40
31.0,3.0,6,8,54000000.0,2800000,402192,1109808,0.0,Aprobado,0.05185185185185185,30-40
38.0,1.0,11,13,35000000.0,8000000,1265600,1534400,0.0,Aprobado,0.22857142857142856,30-40
35.0,1.0,15,1,77000000.0,10600000,5501188,2660812,0.0,Aprobado,0.13766233766233765,30-40
44.0,1.0,24,10,101000000.0,5600000,2992024,2663976,0.0,Aprobado,0.055445544554455446,40-50
44.0,2.0,21,14,113000000.0,13200000,3192024,11723976,0.0,Aprobado,0.1168141592920354,40-50
33.0,1.0,0,12,23000000.0,900000,77418,129582,0.0,Aprobado,0.0391304347826087,30-40
35.0,1.0,7,14,29000000.0,4900000,264306,1156694,0.0,Aprobado,0.16896551724137931,30-40
36.0,3.0,10,4,43000000.0,13000000,961480,4628520,0.0,Aprobado,0.3023255813953488,30-40
23.0,2.0,3,4,24000000.0,6300000,551880,960120,0.0,Aprobado,0.2625,<30
27.0,1.0,0,7,18000000.0,12800000,582912,1721088,0.0,Aprobado,0.7111111111111111,<30
34.0,1.0,6,1,34000000.0,1200000,42480,197520,0.0,Aprobado,0.03529411764705882,30-40
35.0,1.0,0,5,34000000.0,11100000,1369962,2404038,1.0,No Aprobado,0.3264705882352941,30-40
24.0,2.0,4,4,20000000.0,3700000,324120,415880,0.0,Aprobado,0.185,<30
48.0,2.0,30,8,101000000.0,6400000,1874560,4589440,0.0,Aprobado,0.06336633663366337,40-50
26.0,2.0,8,1,40000000.0,11800000,443680,4276320,0.0,Aprobado,0.295,<30
40.0,1.0,6,9,36000000.0,2100000,390852,365148,1.0,No Aprobado,0.058333333333333334,30-40
34.0,1.0,9,8,48000000.0,9300000,419616,4044384,0.0,Aprobado,0.19375,30-40
35.0,1.0,17,4,42000000.0,3000000,93240,1166760,0.0,Aprobado,0.07142857142857142,30-40
30.0,1.0,7,2,33000000.0,25400000,1165098,7216902,1.0,No Aprobado,0.7696969696969697,<30
20.0,1.0,4,0,14000000.0,9700000,200984,1157016,1.0,No Aprobado,0.6928571428571428,<30
36.0,4.0,1,17,30000000.0,11500000,324300,3125700,0.0,Aprobado,0.38333333333333336,30-40
21.0,1.0,1,1,16000000.0,6300000,141120,866880,0.0,Aprobado,0.39375,<30
34.0,1.0,18,10,53000000.0,10500000,840315,4724685,0.0,Aprobado,0.19811320754716982,30-40
35.0,1.0,7,5,39000000.0,16100000,1701609,4577391,1.0,No Aprobado,0.4128205128205128,30-40
35.0,3.0,1,4,20000000.0,7900000,853200,726800,0.0,Aprobado,0.395,30-40
34.0,1.0,10,1,33000000.0,10300000,2501664,897336,1.0,No Aprobado,0.31212121212121213,30-40
33.0,1.0,12,12,68000000.0,10800000,1365984,5978016,0.0,Aprobado,0.1588235294117647,30-40
30.0,1.0,4,2,18000000.0,10700000,227268,1698732,0.0,Aprobado,0.5944444444444444,<30
24.0,2.0,0,5,16000000.0,7300000,24528,1143472,0.0,Aprobado,0.45625,<30
47.0,1.0,31,8,253000000.0,7200000,9308376,8907624,0.0,Aprobado,0.028458498023715414,40-50
34.0,1.0,0,26,34000000.0,28900000,2754459,5048541,1.0,No Aprobado,0.85,30-40
22.0,3.0,0,2,20000000.0,4700000,219020,720980,0.0,Aprobado,0.235,<30
48.0,2.0,6,1,66000000.0,12100000,2315940,5670060,0.0,Aprobado,0.18333333333333332,40-50
36.0,2.0,6,15,27000000.0,4600000,262062,979938,1.0,No Aprobado,0.17037037037037037,30-40
29.0,2.0,6,4,21000000.0,11500000,369495,2045505,0.0,Aprobado,0.5476190476190477,<30
33.0,1.0,15,3,32000000.0,7600000,491264,1940736,0.0,Aprobado,0.2375,30-40
45.0,1.0,19,22,77000000.0,8400000,2302608,4165392,0.0,Aprobado,0.10909090909090909,40-50
37.0,1.0,12,14,34000000.0,14700000,2994684,3473316,0.0,Aprobado,0.4323529411764706,30-40
